day,demand,shipped,lost_sales,on_hand_end,on_order_end,holding_cost,stockout_cost,expedite_qty,expedite_cost
1,40,40,0,160,0,3.2,0.0,0,0.0
2,44,44,0,116,200,2.32,0.0,0,0.0
3,29,29,0,87,200,1.74,0.0,0,0.0
4,35,35,0,52,200,1.04,0.0,0,0.0
5,28,28,0,24,200,0.48,0.0,0,0.0
6,41,24,17,0,400,0.0,51.0,200,250.0
7,56,56,0,144,200,2.88,0.0,0,0.0
8,34,34,0,310,0,6.2,0.0,0,0.0
9,33,33,0,277,0,5.54,0.0,0,0.0
10,46,46,0,231,0,4.62,0.0,0,0.0
11,44,44,0,187,0,3.74,0.0,0,0.0
12,41,41,0,146,0,2.92,0.0,0,0.0
13,29,29,0,117,200,2.34,0.0,0,0.0
14,48,48,0,69,200,1.3800000000000001,0.0,0,0.0
15,24,24,0,45,200,0.9,0.0,0,0.0
16,35,35,0,10,200,0.2,0.0,0,0.0
17,17,10,7,0,400,0.0,21.0,200,250.0
18,25,25,0,175,200,3.5,0.0,0,0.0
19,18,18,0,157,200,3.14,0.0,0,0.0
20,37,37,0,320,0,6.4,0.0,0,0.0
21,25,25,0,295,0,5.9,0.0,0,0.0
22,43,43,0,252,0,5.04,0.0,0,0.0
23,42,42,0,210,0,4.2,0.0,0,0.0
24,38,38,0,172,0,3.44,0.0,0,0.0
25,10,10,0,162,0,3.24,0.0,0,0.0
26,34,34,0,128,0,2.56,0.0,0,0.0
27,39,39,0,89,200,1.78,0.0,0,0.0
28,22,22,0,67,200,1.34,0.0,0,0.0
29,34,34,0,33,200,0.66,0.0,0,0.0
30,28,28,0,5,200,0.1,0.0,0,0.0
31,30,5,25,0,400,0.0,75.0,200,250.0
32,53,53,0,147,200,2.94,0.0,0,0.0
33,30,30,0,117,200,2.34,0.0,0,0.0
34,40,40,0,277,0,5.54,0.0,0,0.0
35,51,51,0,226,0,4.5200000000000005,0.0,0,0.0
36,33,33,0,193,0,3.86,0.0,0,0.0
37,39,39,0,154,0,3.08,0.0,0,0.0
38,41,41,0,113,200,2.2600000000000002,0.0,0,0.0
39,25,25,0,88,200,1.76,0.0,0,0.0
40,41,41,0,47,200,0.9400000000000001,0.0,0,0.0
41,56,47,9,0,400,0.0,27.0,200,250.0
42,21,21,0,179,200,3.58,0.0,0,0.0
43,50,50,0,129,200,2.58,0.0,0,0.0
44,41,41,0,88,200,1.76,0.0,0,0.0
45,32,32,0,256,0,5.12,0.0,0,0.0
46,64,64,0,192,0,3.84,0.0,0,0.0
47,49,49,0,143,0,2.86,0.0,0,0.0
48,26,26,0,117,200,2.34,0.0,0,0.0
49,47,47,0,70,200,1.4000000000000001,0.0,0,0.0
50,38,38,0,32,200,0.64,0.0,0,0.0
51,48,32,16,0,400,0.0,48.0,200,250.0
52,39,39,0,161,200,3.22,0.0,0,0.0
53,48,48,0,113,200,2.2600000000000002,0.0,0,0.0
54,57,57,0,56,200,1.12,0.0,0,0.0
55,32,32,0,224,0,4.48,0.0,0,0.0
56,42,42,0,182,0,3.64,0.0,0,0.0
57,34,34,0,148,0,2.96,0.0,0,0.0
58,42,42,0,106,200,2.12,0.0,0,0.0
59,33,33,0,73,200,1.46,0.0,0,0.0
60,38,38,0,35,200,0.7000000000000001,0.0,0,0.0
61,51,35,16,0,400,0.0,48.0,200,250.0
62,54,54,0,146,200,2.92,0.0,0,0.0
63,24,24,0,322,0,6.44,0.0,0,0.0
64,30,30,0,292,0,5.84,0.0,0,0.0
65,48,48,0,244,0,4.88,0.0,0,0.0
66,16,16,0,228,0,4.5600000000000005,0.0,0,0.0
67,34,34,0,194,0,3.88,0.0,0,0.0
68,39,39,0,155,0,3.1,0.0,0,0.0
69,55,55,0,100,200,2.0,0.0,0,0.0
70,36,36,0,64,200,1.28,0.0,0,0.0
71,36,36,0,28,200,0.56,0.0,0,0.0
72,37,28,9,0,400,0.0,27.0,200,250.0
73,58,58,0,142,200,2.84,0.0,0,0.0
74,35,35,0,107,200,2.14,0.0,0,0.0
75,36,36,0,71,200,1.42,0.0,0,0.0
76,44,44,0,27,200,0.54,0.0,0,0.0
77,39,39,0,188,0,3.7600000000000002,0.0,0,0.0
78,38,38,0,150,0,3.0,0.0,0,0.0
79,27,27,0,123,0,2.46,0.0,0,0.0
80,40,40,0,83,200,1.6600000000000001,0.0,0,0.0
81,54,54,0,29,200,0.58,0.0,0,0.0
82,48,29,19,0,400,0.0,57.0,200,250.0
83,40,40,0,160,200,3.2,0.0,0,0.0
84,48,48,0,112,200,2.24,0.0,0,0.0
85,36,36,0,76,200,1.52,0.0,0,0.0
86,53,53,0,223,0,4.46,0.0,0,0.0
87,40,40,0,183,0,3.66,0.0,0,0.0
88,47,47,0,136,0,2.72,0.0,0,0.0
89,25,25,0,111,200,2.22,0.0,0,0.0
90,20,20,0,91,200,1.82,0.0,0,0.0
91,16,16,0,75,200,1.5,0.0,0,0.0
92,36,36,0,39,200,0.78,0.0,0,0.0
93,29,29,0,10,200,0.2,0.0,0,0.0
94,42,10,32,0,400,0.0,96.0,200,250.0
95,67,67,0,133,200,2.66,0.0,0,0.0
96,30,30,0,103,200,2.06,0.0,0,0.0
97,33,33,0,270,0,5.4,0.0,0,0.0
98,42,42,0,228,0,4.5600000000000005,0.0,0,0.0
99,46,46,0,182,0,3.64,0.0,0,0.0
100,38,38,0,144,0,2.88,0.0,0,0.0
101,38,38,0,106,200,2.12,0.0,0,0.0
102,46,46,0,60,200,1.2,0.0,0,0.0
103,28,28,0,32,200,0.64,0.0,0,0.0
104,39,32,7,0,400,0.0,21.0,200,250.0
105,40,40,0,160,200,3.2,0.0,0,0.0
106,27,27,0,133,200,2.66,0.0,0,0.0
107,43,43,0,90,200,1.8,0.0,0,0.0
108,30,30,0,60,200,1.2,0.0,0,0.0
109,52,52,0,208,0,4.16,0.0,0,0.0
110,42,42,0,166,0,3.3200000000000003,0.0,0,0.0
111,41,41,0,125,0,2.5,0.0,0,0.0
112,33,33,0,92,200,1.84,0.0,0,0.0
113,16,16,0,76,200,1.52,0.0,0,0.0
114,26,26,0,50,200,1.0,0.0,0,0.0
115,44,44,0,6,200,0.12,0.0,0,0.0
116,14,6,8,0,400,0.0,24.0,200,250.0
117,50,50,0,150,200,3.0,0.0,0,0.0
118,19,19,0,131,200,2.62,0.0,0,0.0
119,49,49,0,282,0,5.64,0.0,0,0.0
120,30,30,0,252,0,5.04,0.0,0,0.0
