rop,q,service_level,stockout_days,avg_on_hand,max_on_hand,holding_cost,stockout_cost,expedite_cost,total_cost,meets_target
80,100,0.874766355140187,43,39.9,160,143.64,2613.0,8750.0,11506.64,False
80,150,0.9165704387990762,25,76.23333333333333,230,274.44,1734.0,5750.0,7758.4400000000005,False
80,200,0.9417348130841121,19,114.82222222222222,324,413.36,1197.0,4250.0,5860.360000000001,False
80,250,0.9659353348729792,13,162.32777777777778,441,584.3800000000001,708.0,3250.0,4542.38,False
80,300,0.9704505558806319,11,207.65,552,747.54,606.0,2750.0,4103.54,True
80,350,0.972197962154294,10,249.90555555555557,610,899.66,573.0,2250.0,3722.66,True
80,400,0.9731143729109141,9,295.27777777777777,710,1063.0000000000002,555.0,2000.0,3618.0,True
100,100,0.8986221899927483,40,44.99444444444445,160,161.98000000000002,2097.0,9250.0,11508.98,False
100,150,0.9213759213759214,26,75.20555555555555,241,270.74,1632.0,5500.0,7402.74,False
100,200,0.9613211647109953,18,114.2611111111111,310,411.34,801.0,4000.0,5212.34,False
100,250,0.9550043265070667,12,169.23888888888888,426,609.26,936.0,3000.0,4545.26,False
100,300,0.9753013819464863,11,208.17777777777778,552,749.44,504.0,2750.0,4003.44,True
100,350,0.9731895672446452,10,261.02222222222224,627,939.6800000000001,552.0,2250.0,3741.6800000000003,True
100,400,0.9674582233948988,9,305.4,738,1099.44,666.0,2250.0,4015.44,False
120,100,0.9048717209570482,35,53.65,200,193.14,1980.0,7000.0,9173.14,False
120,150,0.9409368635437881,25,79.65,234,286.74,1218.0,5500.0,7004.74,False
120,200,0.9613364458710242,17,123.22777777777777,322,443.62,795.0,4000.0,5238.62,False
120,250,0.961293128443027,13,172.26111111111112,442,620.14,801.0,3000.0,4421.139999999999,False
120,300,0.9749708963911525,12,223.49444444444444,538,804.5799999999999,516.0,2750.0,4070.58,True
120,350,0.9743253099927061,10,266.9888888888889,627,961.1600000000001,528.0,2250.0,3739.16,True
120,400,0.9753823743627094,8,310.9888888888889,742,1119.5600000000002,507.0,2000.0,3626.5600000000004,True
140,100,0.8918335013682847,32,60.37222222222222,240,217.34,2253.0,5500.0,7970.34,False
140,150,0.9334592474211826,24,81.95555555555555,241,295.04,1374.0,5250.0,6919.04,False
140,200,0.9524497759791878,16,129.83333333333334,324,467.4,987.0,3750.0,5204.4,False
140,250,0.9575757575757575,14,173.18333333333334,447,623.46,882.0,2750.0,4255.46,False
140,300,0.9708029197080292,10,219.42222222222222,532,789.92,600.0,2500.0,3889.92,True
140,350,0.9731895672446452,10,280.99444444444447,647,1011.5800000000002,552.0,2250.0,3813.58,True
140,400,0.9771901787011478,8,316.68333333333334,733,1140.06,471.0,2000.0,3611.06,True
160,100,0.9296424452133795,28,64.6,240,232.56,1464.0,5500.0,7196.5599999999995,False
160,150,0.9348482669351359,21,97.22222222222223,383,350.0,1359.0,4500.0,6209.0,False
160,200,0.9377732439522005,19,119.41666666666667,341,429.90000000000003,1281.0,3500.0,5210.9,False
160,250,0.955046403712297,15,164.58333333333334,438,592.4999999999999,930.0,2500.0,4022.5,False
160,300,0.9581273626054085,12,205.4388888888889,519,739.5799999999999,864.0,2250.0,3853.58,False
160,350,0.9608189718662542,11,252.63333333333333,629,909.48,798.0,2250.0,3957.48,False
160,400,0.9799038881607689,8,306.7611111111111,731,1104.3400000000001,414.0,1750.0,3268.34,True
180,100,0.909734257654535,27,57.333333333333336,212,206.39999999999998,1875.0,3750.0,5831.4,False
180,150,0.9519341801385681,18,108.8,352,391.67999999999995,999.0,3500.0,4890.68,False
180,200,0.9575383732606513,17,126.95555555555555,329,457.04,888.0,3000.0,4345.04,False
180,250,0.9534951315215812,16,144.9,423,521.64,960.0,2000.0,3481.64,False
180,300,0.9735426660851868,11,218.98888888888888,530,788.36,546.0,2250.0,3584.36,True
180,350,0.9881993006993007,9,249.0611111111111,627,896.6200000000001,243.0,1750.0,2889.62,True
180,400,0.9706224549156486,10,273.49444444444447,743,984.5799999999999,606.0,1500.0,3090.58,True
200,100,0.9324443141852286,23,66.80555555555556,210,240.5,1383.0,4250.0,5873.5,False
200,150,0.9531976744186047,20,95.27222222222223,285,342.98,966.0,2500.0,3808.98,False
200,200,0.9609600925390399,16,125.57777777777778,337,452.08000000000004,810.0,2750.0,4012.08,False
200,250,0.9633794694348328,14,156.53333333333333,448,563.52,762.0,1750.0,3075.52,False
200,300,0.9720856233728666,13,197.09444444444443,534,709.54,579.0,1500.0,2788.54,True
200,350,0.9764054762598311,9,258.5388888888889,619,930.74,486.0,1750.0,3166.74,True
200,400,0.9760557248585111,9,261.27222222222224,743,940.58,495.0,1250.0,2685.58,True
220,100,0.9260599045000724,23,80.94444444444444,320,291.4,1533.0,3000.0,4824.4,False
220,150,0.9565279565279565,16,115.9888888888889,338,417.55999999999995,912.0,2250.0,3579.56,False
220,200,0.964404092808762,14,139.34444444444443,366,501.64,741.0,2250.0,3492.64,False
220,250,0.971718636693256,11,154.01666666666668,464,554.46,585.0,1750.0,2889.46,True
220,300,0.9705241759837375,12,196.74444444444444,534,708.28,609.0,1500.0,2817.2799999999997,True
220,350,0.9609477841158403,8,248.91666666666666,664,896.1,801.0,1500.0,3197.1,False
220,400,0.9798854793716048,8,282.48333333333335,747,1016.94,411.0,1500.0,2927.94,True
240,100,0.9518463810930576,19,87.12222222222222,263,313.64,978.0,2750.0,4041.64,False
240,150,0.9623994147768837,11,115.7,337,416.52,771.0,2500.0,3687.52,False
240,200,0.9680228408279801,8,161.19444444444446,421,580.3,672.0,1250.0,2502.3,False
240,250,0.9655524740913736,13,161.0,464,579.6,708.0,1750.0,3037.6,False
240,300,0.9750977269436804,7,200.59444444444443,533,722.14,516.0,1250.0,2488.14,True
240,350,0.9957167332952599,4,222.66666666666666,577,801.5999999999999,90.0,500.0,1391.6,True
240,400,0.9870416728022382,6,276.9277777777778,747,996.94,264.0,1250.0,2510.94,True
260,100,0.9587283068397259,15,91.05,264,327.78,849.0,1750.0,2926.7799999999997,False
260,150,0.9543959971408149,12,133.57777777777778,361,480.88,957.0,1750.0,3187.88,False
260,200,0.9699842022116903,10,163.99444444444444,487,590.38,627.0,1250.0,2467.38,False
260,250,0.974421965317919,7,200.38888888888889,496,721.4000000000001,531.0,1500.0,2752.4,True
260,300,0.9856999856999857,5,213.01111111111112,547,766.84,300.0,1000.0,2066.84,True
260,350,0.99160393746381,6,204.59444444444443,577,736.54,174.0,500.0,1410.54,True
260,400,0.9852724594992637,8,245.37777777777777,764,883.3599999999999,300.0,750.0,1933.36,True
280,100,0.9733197259075667,9,101.81111111111112,270,366.52,549.0,1500.0,2415.52,True
280,150,0.970523537175539,10,125.66666666666667,332,452.40000000000003,603.0,1750.0,2805.4,True
280,200,0.979396194019173,9,178.42222222222222,487,642.32,432.0,1250.0,2324.32,True
280,250,0.9744478129060199,7,209.25,508,753.3,531.0,1000.0,2284.3,True
280,300,0.9908203409587644,7,212.98333333333332,519,766.74,189.0,1250.0,2205.74,True
280,350,0.9907953401409464,3,262.89444444444445,611,946.4200000000001,192.0,750.0,1888.42,True
280,400,0.9910974897840047,3,261.9,714,942.84,183.0,500.0,1625.8400000000001,True
